"Please turn off the light when you leave the room.","Light off"
"Can you turn on the blue light?","Light blue"
"I need you to open the door, please.","Door open"
"Could you make the light green, please?","Light green"
"Can you close the door behind you?","Door close"
"Please turn the light red, it will create a more romantic atmosphere.","Light red"
"I want the light to be white, could you change it?","Light on"
"Can you please turn off the light before you go to bed?","Light off"
"Open the door slowly, please.","Door open"
"Turn on the light, please","Light on"
"Could you switch off the light?","Light off"
"Set the light to red","Light red"
"Change the light to green","Light green"
"Make the light blue","Light blue"
"Set the light to the color blue","Light blue"
"Open the door for me","Door open"
"Could you please unlock the door?","Door open"
"Close the door behind you","Door close"
"Shut the door when you leave","Door close"
"Can you please turn on the red light?","Light red"
"Set the light to a red hue","Light red"
"Change the light to green, please","Light green"
"Turn the light to a shade of green","Light green"
"Make the light blue, please","Light blue"
"Set the light to a blue color","Light blue"
"Could you turn off the red light?","Light red"
"Can you switch the light back to white?","Light red"
"Dim the green light a bit, please","Light green"
"Could you make the green light brighter?","Light green"
"Turn off the blue light, please","Light blue"
"Can you reduce the brightness of the blue light?","Light blue"
"Can you please turn on the LED?","Light on"
"Could you switch off the LED?","Light off"
"Set the LED to red","Light red"
"Change the LED to green","Light green"
"Make the LED blue","Light blue"
"Set the LED to the color blue","Light blue"
"Turn on the red LED, please","Light red"
"Set the LED to a red hue","Light red"
"Change the LED to green, please","Light green"
"Turn the LED to a shade of green","Light green"
"Make the LED blue, please","Light blue"
"Set the LED to a blue color","Light blue"
"Could you turn off the red LED?","Light red"
"Can you switch the LED back to white?","Light red"
"Dim the green LED a bit, please","Light green"
"Could you make the green LED brighter?","Light green"
"Turn off the blue LED, please","Light blue"
"Can you reduce the brightness of the blue LED?","Light blue"
"Turn on the lights in the room","Light on"
"Can you please turn off the bulb?","Light off"
"Change the bulb color to red","Light red"
"Set the bulb color to green","Light green"
"Make the room ambiance blue","Light blue"
"Can you please make the light sky blue?","Light blue"
"Open the front door, please","Door open"
"Close the door, please","Door close"
"Can you please keep the door open?","Door open"
"Could you lock the door, please?","Door close"
"Can you please switch on the red light?","Light red"
"Turn off the red lamp, please","Light red"
"Make the room feel more green, please","Light green"
"Change the LED light color to emerald green","Light green"
"Can you please change the light to navy blue?","Light blue"
"Make the light feel more blue, please","Light blue"
"Could you turn on the light fixture?","Light on"
"Can you turn off the lamp in the corner?","Light off"
"Make the room feel more cozy with a warm red light","Light red"
"Change the LED to a bright lime green color","Light green"
"Turn on the blue light, please","Light blue"
"Can you please change the light to a turquoise blue?","Light blue"
"Can you please unlock the door for me?","Door open"
"Could you please close the door softly?","Door close"
"Change the bulb color to crimson red","Light red"
"Set the bulb color to forest green","Light green"
"Make the light a deep blue, please","Light blue"
"Can you please turn on the sapphire blue light?","Light blue"
"Can you please turn on the chandelier?","Light on"
"Can you please switch off the overhead light?","Light off"
"Make the room feel more romantic with a red light","Light red"
"Change the LED light color to olive green","Light green"
"Turn on the baby blue light, please","Light blue"
"Can you please change the light to a baby blue color?","Light blue"
"Can you please open the garage door?","Door open"
"Could you close the pantry door, please?","Door close"
"Change the bulb color to maroon","Light red"
"Set the bulb color to lime green","Light green"
"Make the light feel more ocean blue, please","Light blue"
"Can you please change the light to a light blue hue?","Light blue"
"Could you turn on the bedside lamp, please?","Light on"
"Can you please turn off the table lamp?","Light off"
"Make the room feel more passionate with a red light","Light red"
"Change the LED light color to teal green","Light green"
"Can you please turn on the porch light?","Light on"
"Could you switch off the fluorescent light?","Light off"
"Change the bulb color to pink","Light red"
"Set the bulb color to chartreuse green","Light green"
"Make the light feel more indigo, please","Light blue"
"Can you please change the light to a lavender hue?","Light blue"
"Can you please turn on the reading light?","Light on"
"Can you please turn off the night light?","Light off"
"Make the room feel more tranquil with a blue light","Light blue"
"Change the LED light color to emerald green","Light green"
"Turn on the lavender light, please","Light red"
"Can you please change the light to a rose color?","Light red"
"Can you please open the gate door?","Door open"
"Could you close the elevator door, please?","Door close"
"Change the bulb color to fuchsia","Light red"
"Set the bulb color to forest green","Light green"
"Make the light feel more baby pink, please","Light red"
"Can you please change the light to a pale blue hue?","Light blue"
"Can you please turn on the table lamp?","Light on"
"Can you please switch off the ceiling light?","Light off"
"Make the room feel more energetic with a green light","Light green"
"Change the LED light color to turquoise blue","Light blue"
"Turn on the coral light, please","Light red"
"Can you please change the light to a peach hue?","Light red"
"Can you please open the gate for me?","Door open"
"Could you close the window shutters, please?","Door close"
"Change the bulb color to cherry red","Light red"
"Set the bulb color to lime green","Light green"
"Make the light feel more deep purple, please","Light blue"
"Can you please change the light to a lavender blue hue?","Light blue"
"Can you please turn on the floor light?","Light on"
"Can you please turn off the wall sconce?","Light off"
"Make the room feel more romantic with a pink light","Light red"
"Change the LED light color to olive green","Light green"
"Turn on the pastel blue light, please","Light blue"
"Can you please change the light to a steel blue hue?","Light blue"
"Can you please open the side door?","Door open"
"Could you close the safe door, please?","Door close"
"Change the bulb color to crimson","Light red"
"Set the bulb color to seafoam green","Light green"
"Make the light feel more lavender, please","Light blue"
"Can you please change the light to a lilac hue?","Light blue"
"Can you please turn on the pendant light?","Light on"
"Can you please turn off the chandelier?","Light off"
"Make the room feel more cozy with a warm light","Light red"
"Change the LED light color to pale green","Light green"
"Turn on the teal light, please","Light blue"
"Can you please change the light to a ocean blue hue?","Light blue"
"Can you please open the back gate?","Door open"